{
  "best": {
    "loss": 0.006010853219777346,
    "_base/lr": 0.005,
    "_base/momentum": 0.9,
    "_timers/data_time": 1.1234158277511597,
    "_timers/model_time": 0.002013683319091797,
    "_timers/batch_time": 1.1255135536193848,
    "_timers/_fps": 63.74638557087199
  },
  "last": {
    "loss": 0.006375050637871027,
    "_base/lr": 0.005,
    "_base/momentum": 0.9,
    "_timers/data_time": 1.1058390736579895,
    "_timers/model_time": 0.0018566250801086426,
    "_timers/batch_time": 1.1077524423599243,
    "_timers/_fps": 59.737342666927475
  },
  "train.29": {
    "loss": 0.006010853219777346,
    "_base/lr": 0.005,
    "_base/momentum": 0.9,
    "_timers/data_time": 1.1234158277511597,
    "_timers/model_time": 0.002013683319091797,
    "_timers/batch_time": 1.1255135536193848,
    "_timers/_fps": 63.74638557087199
  },
  "epoch_0": [
    "../data/train_logs_simple_model_toy/checkpoints/train.1.pth",
    0.08523232280276716,
    {
      "loss": 0.08523232280276716,
      "_base/lr": 0.005,
      "_base/momentum": 0.9,
      "_timers/data_time": 1.1755878329277039,
      "_timers/model_time": 0.006657838821411133,
      "_timers/batch_time": 1.1823227405548096,
      "_timers/_fps": 61.161040688070415
    }
  ],
  "epoch_1": [
    "../data/train_logs_simple_model_toy/checkpoints/train.2.pth",
    0.05597957968711853,
    {
      "loss": 0.05597957968711853,
      "_base/lr": 0.005,
      "_base/momentum": 0.9,
      "_timers/data_time": 1.1236794590950012,
      "_timers/model_time": 0.002208232879638672,
      "_timers/batch_time": 1.1259880661964417,
      "_timers/_fps": 63.04448990457912
    }
  ],
  "epoch_2": [
    "../data/train_logs_simple_model_toy/checkpoints/train.3.pth",
    0.045298566576093435,
    {
      "loss": 0.045298566576093435,
      "_base/lr": 0.005,
      "_base/momentum": 0.9,
      "_timers/data_time": 1.125708818435669,
      "_timers/model_time": 0.0017902255058288574,
      "_timers/batch_time": 1.1275564432144165,
      "_timers/_fps": 59.63419087509362
    }
  ],
  "epoch_3": [
    "../data/train_logs_simple_model_toy/checkpoints/train.4.pth",
    0.031197501346468925,
    {
      "loss": 0.031197501346468925,
      "_base/lr": 0.005,
      "_base/momentum": 0.9,
      "_timers/data_time": 1.127941071987152,
      "_timers/model_time": 0.002434968948364258,
      "_timers/batch_time": 1.1304572224617004,
      "_timers/_fps": 51.03662286863812
    }
  ],
  "epoch_4": [
    "../data/train_logs_simple_model_toy/checkpoints/train.5.pth",
    0.01782064395956695,
    {
      "loss": 0.01782064395956695,
      "_base/lr": 0.005,
      "_base/momentum": 0.9,
      "_timers/data_time": 1.1266047358512878,
      "_timers/model_time": 0.0024567246437072754,
      "_timers/batch_time": 1.1291509866714478,
      "_timers/_fps": 53.7487182220063
    }
  ],
  "epoch_5": [
    "../data/train_logs_simple_model_toy/checkpoints/train.6.pth",
    0.017886518267914653,
    {
      "loss": 0.017886518267914653,
      "_base/lr": 0.005,
      "_base/momentum": 0.9,
      "_timers/data_time": 1.1260196566581726,
      "_timers/model_time": 0.0018848180770874023,
      "_timers/batch_time": 1.1279618740081787,
      "_timers/_fps": 59.77305037848437
    }
  ],
  "epoch_6": [
    "../data/train_logs_simple_model_toy/checkpoints/train.7.pth",
    0.014031546888872981,
    {
      "loss": 0.014031546888872981,
      "_base/lr": 0.005,
      "_base/momentum": 0.9,
      "_timers/data_time": 1.0962575674057007,
      "_timers/model_time": 0.0020560622215270996,
      "_timers/batch_time": 1.0983746647834778,
      "_timers/_fps": 57.992786682097986
    }
  ],
  "epoch_7": [
    "../data/train_logs_simple_model_toy/checkpoints/train.8.pth",
    0.011728902347385883,
    {
      "loss": 0.011728902347385883,
      "_base/lr": 0.005,
      "_base/momentum": 0.9,
      "_timers/data_time": 1.159591555595398,
      "_timers/model_time": 0.0019475817680358887,
      "_timers/batch_time": 1.161641538143158,
      "_timers/_fps": 56.625131246459986
    }
  ],
  "epoch_8": [
    "../data/train_logs_simple_model_toy/checkpoints/train.9.pth",
    0.010865612188354135,
    {
      "loss": 0.010865612188354135,
      "_base/lr": 0.005,
      "_base/momentum": 0.9,
      "_timers/data_time": 1.1822956204414368,
      "_timers/model_time": 0.003089606761932373,
      "_timers/batch_time": 1.185503602027893,
      "_timers/_fps": 60.824413890554354
    }
  ],
  "epoch_9": [
    "../data/train_logs_simple_model_toy/checkpoints/train.10.pth",
    0.008579926448874176,
    {
      "loss": 0.008579926448874176,
      "_base/lr": 0.005,
      "_base/momentum": 0.9,
      "_timers/data_time": 1.1459807753562927,
      "_timers/model_time": 0.0019944310188293457,
      "_timers/batch_time": 1.1480705738067627,
      "_timers/_fps": 62.93494416576367
    }
  ],
  "epoch_10": [
    "../data/train_logs_simple_model_toy/checkpoints/train.11.pth",
    0.008771280758082867,
    {
      "loss": 0.008771280758082867,
      "_base/lr": 0.005,
      "_base/momentum": 0.9,
      "_timers/data_time": 1.1112406253814697,
      "_timers/model_time": 0.0019988417625427246,
      "_timers/batch_time": 1.1133299469947815,
      "_timers/_fps": 61.703507822379294
    }
  ],
  "epoch_11": [
    "../data/train_logs_simple_model_toy/checkpoints/train.12.pth",
    0.008043253212235868,
    {
      "loss": 0.008043253212235868,
      "_base/lr": 0.005,
      "_base/momentum": 0.9,
      "_timers/data_time": 1.1181553602218628,
      "_timers/model_time": 0.0018581748008728027,
      "_timers/batch_time": 1.1200840473175049,
      "_timers/_fps": 61.735654856820204
    }
  ],
  "epoch_12": [
    "../data/train_logs_simple_model_toy/checkpoints/train.13.pth",
    0.007437434745952487,
    {
      "loss": 0.007437434745952487,
      "_base/lr": 0.005,
      "_base/momentum": 0.9,
      "_timers/data_time": 1.1157931089401245,
      "_timers/model_time": 0.0020977258682250977,
      "_timers/batch_time": 1.1179779171943665,
      "_timers/_fps": 50.51440978774369
    }
  ],
  "epoch_13": [
    "../data/train_logs_simple_model_toy/checkpoints/train.14.pth",
    0.007576026837341487,
    {
      "loss": 0.007576026837341487,
      "_base/lr": 0.005,
      "_base/momentum": 0.9,
      "_timers/data_time": 1.1554923057556152,
      "_timers/model_time": 0.0034499764442443848,
      "_timers/batch_time": 1.1590532660484314,
      "_timers/_fps": 59.83764198608621
    }
  ],
  "epoch_14": [
    "../data/train_logs_simple_model_toy/checkpoints/train.15.pth",
    0.007777997059747577,
    {
      "loss": 0.007777997059747577,
      "_base/lr": 0.005,
      "_base/momentum": 0.9,
      "_timers/data_time": 1.1391260027885437,
      "_timers/model_time": 0.0022772550582885742,
      "_timers/batch_time": 1.1415103077888489,
      "_timers/_fps": 60.9934266315516
    }
  ],
  "epoch_15": [
    "../data/train_logs_simple_model_toy/checkpoints/train.16.pth",
    0.007883375976234674,
    {
      "loss": 0.007883375976234674,
      "_base/lr": 0.005,
      "_base/momentum": 0.9,
      "_timers/data_time": 1.121772587299347,
      "_timers/model_time": 0.001613318920135498,
      "_timers/batch_time": 1.1234564185142517,
      "_timers/_fps": 58.83333084785713
    }
  ],
  "epoch_16": [
    "../data/train_logs_simple_model_toy/checkpoints/train.17.pth",
    0.007286554900929332,
    {
      "loss": 0.007286554900929332,
      "_base/lr": 0.005,
      "_base/momentum": 0.9,
      "_timers/data_time": 1.1555991172790527,
      "_timers/model_time": 0.002379477024078369,
      "_timers/batch_time": 1.1580654382705688,
      "_timers/_fps": 60.76811785734542
    }
  ],
  "epoch_17": [
    "../data/train_logs_simple_model_toy/checkpoints/train.18.pth",
    0.00761605123989284,
    {
      "loss": 0.00761605123989284,
      "_base/lr": 0.005,
      "_base/momentum": 0.9,
      "_timers/data_time": 1.1337100863456726,
      "_timers/model_time": 0.0018011927604675293,